,Number of compounds,Dataset %,Number of scaffolds,Scaffold diversity %
all,129869.0,100.0,31567.0,24.306801469172783
plant,87135.0,67.09453372244339,21546.0,24.7271475296953
bacteria,12338.0,9.50034265298108,3824.0,30.993678067758147
fungi,15516.0,11.947423942588301,4905.0,31.612529002320187
animal,714.0,0.5497847831276133,366.0,51.260504201680675
marine,8876.0,6.83457946084131,2443.0,27.52365930599369
mix,5290.0,4.073335438018311,1744.0,32.96786389413989
